{
  "hash": "98a810a1",
  "configHash": "8775bd88",
  "lockfileHash": "e3b0c442",
  "browserHash": "f4a76c9a",
  "optimized": {
    "react/jsx-dev-runtime": {
      "src": "../../node_modules/react/jsx-dev-runtime.js",
      "file": "react_jsx-dev-runtime.js",
      "fileHash": "50d55d38",
      "needsInterop": true
    },
    "react": {
      "src": "../../node_modules/react/index.js",
      "file": "react.js",
      "fileHash": "17ec6ead",
      "needsInterop": true
    },
    "react-router-dom": {
      "src": "../../node_modules/react-router-dom/dist/index.mjs",
      "file": "react-router-dom.js",
      "fileHash": "f860a337",
      "needsInterop": false
    }
  },
  "chunks": {
    "chunk-WYQRYOQT": {
      "file": "chunk-WYQRYOQT.js"
    }
  }
}